product,mean_spread,median_spread,mean_bid_depth,mean_ask_depth,mean_abs_imbalance,mean_trade_count,mean_signed_qty
ASH_COATED_OSMIUM,16.175227897554624,16.0,13.5549,13.596766666666667,0.1933044950844347,0.042166666666666665,0.004966666666666667
INTARIAN_PEPPER_ROOT,13.046698930944814,13.0,11.076466666666667,11.080333333333334,0.16894290851672183,0.0337,-0.0034
