{
  "model": "iv = a*m^2 + b*m + c",
  "a": 3.000614560512975,
  "b": 1.1711233880493004,
  "c": 0.25432879254385155,
  "n_points": 14387
}