participant,trades,total_qty,mean_score,total_score
Mark 14,2172,8718,23.13328729281768,50245.5
Mark 01,1843,7428,5.620455778621812,10358.5
Mark 67,165,1510,11.275757575757575,1860.5
Mark 49,122,1186,-11.762295081967213,-1435.0
Mark 22,1584,5889,-1.944760101010101,-3080.5
Mark 55,1198,6551,-13.367696160267112,-16014.5
Mark 38,1478,5000,-28.372462787550745,-41934.5
