{
  "model": "iv = a*m^2 + b*m + c",
  "a": 12990.065577445805,
  "b": 83.50447134502126,
  "c": 0.2767563739079013,
  "n_points": 14393
}