{
  "model": "iv = a*m^2 + b*m + c",
  "a": 2.4739853161638417,
  "b": 1.1525450148918217,
  "c": 0.27676585766761647,
  "n_points": 14393
}