{
  "model": "iv = a*m^2 + b*m + c",
  "a": 4.546473970378829,
  "b": 2.5424642763406458,
  "c": 0.6520696713579194,
  "n_points": 14281
}